{"width":1024,"imagePath":"Cat_tex.png","height":1024,"name":"Cat","SubTexture":[{"width":229,"y":304,"height":208,"name":"Gemini_Generated_Image_6153bl6153bl6153/tail","x":543},{"width":423,"y":1,"height":301,"name":"Gemini_Generated_Image_6153bl6153bl6153/body","x":543},{"width":169,"y":376,"height":201,"name":"Gemini_Generated_Image_6153bl6153bl6153/ear_right","x":1},{"width":180,"y":304,"height":217,"name":"Gemini_Generated_Image_6153bl6153bl6153/ear_left","x":774},{"width":540,"y":1,"height":373,"name":"Gemini_Generated_Image_6153bl6153bl6153/head","x":1},{"width":72,"y":376,"height":50,"name":"Gemini_Generated_Image_6153bl6153bl6153/nose","x":350},{"width":87,"y":376,"height":95,"name":"Gemini_Generated_Image_6153bl6153bl6153/eye_left","x":172},{"width":87,"y":376,"height":95,"name":"Gemini_Generated_Image_6153bl6153bl6153/eye_right","x":261}]}